timestamp,open,high,low,close,volume
2024-06-02 21:00:00+00:00,1.08475,1.08492,1.08439,1.0846,813
2024-06-02 22:00:00+00:00,1.08472,1.08542,1.08472,1.0851,1106
2024-06-02 23:00:00+00:00,1.08511,1.0854,1.085,1.08524,1168
2024-06-03 00:00:00+00:00,1.08524,1.0858,1.085,1.08562,3448
2024-06-03 01:00:00+00:00,1.08562,1.0859,1.0853,1.08575,3948
2024-06-03 02:00:00+00:00,1.08576,1.0858,1.085,1.08537,3424
2024-06-03 03:00:00+00:00,1.08538,1.0857,1.0848,1.08495,3389
2024-06-03 04:00:00+00:00,1.08496,1.0855,1.0848,1.08517,3052
2024-06-03 05:00:00+00:00,1.08516,1.0856,1.0847,1.08523,3763
2024-06-03 06:00:00+00:00,1.08524,1.0859,1.0845,1.08563,6098
2024-06-03 07:00:00+00:00,1.08562,1.08586,1.0838,1.08394,7233
2024-06-03 08:00:00+00:00,1.08395,1.08424,1.0832,1.0839,7488
2024-06-03 09:00:00+00:00,1.084,1.0842,1.0831,1.08346,6358
2024-06-03 10:00:00+00:00,1.08348,1.0839,1.0826,1.0837,6223
2024-06-03 11:00:00+00:00,1.0837,1.08448,1.0836,1.08432,6403
2024-06-03 12:00:00+00:00,1.08434,1.085,1.0839,1.08443,6951
2024-06-03 13:00:00+00:00,1.08447,1.0854,1.0844,1.08509,7732
2024-06-03 14:00:00+00:00,1.08527,1.08822,1.08527,1.087,12915
2024-06-03 15:00:00+00:00,1.08698,1.0891,1.0868,1.08896,7718
2024-06-03 16:00:00+00:00,1.08891,1.08904,1.088,1.0885,7212
2024-06-03 17:00:00+00:00,1.08849,1.0889,1.088,1.0886,6009
2024-06-03 18:00:00+00:00,1.08877,1.08976,1.0885,1.0897,6482
2024-06-03 19:00:00+00:00,1.08971,1.09,1.0894,1.08998,5008
2024-06-03 20:00:00+00:00,1.08996,1.0905,1.0898,1.09036,2553
2024-06-03 21:00:00+00:00,1.09036,1.0906,1.0896,1.09015,1457
2024-06-03 22:00:00+00:00,1.09009,1.0911,1.09009,1.0907,2052
2024-06-03 23:00:00+00:00,1.09069,1.0909,1.0905,1.09071,2756
2024-06-04 00:00:00+00:00,1.0907,1.0916,1.0906,1.0912,4238
2024-06-04 01:00:00+00:00,1.09125,1.0914,1.0906,1.09075,3730
2024-06-04 02:00:00+00:00,1.09073,1.0909,1.0903,1.09074,2825
2024-06-04 03:00:00+00:00,1.09075,1.0911,1.0905,1.09073,2707
2024-06-04 04:00:00+00:00,1.09072,1.091,1.0905,1.0909,2496
2024-06-04 05:00:00+00:00,1.0909,1.0911,1.0901,1.09029,3222
2024-06-04 06:00:00+00:00,1.09027,1.0905,1.0895,1.08969,6501
2024-06-04 07:00:00+00:00,1.08969,1.08986,1.0883,1.089,8362
2024-06-04 08:00:00+00:00,1.08901,1.0891,1.0873,1.08808,8827
2024-06-04 09:00:00+00:00,1.08808,1.0882,1.0868,1.08716,8499
2024-06-04 10:00:00+00:00,1.08714,1.0872,1.0861,1.08662,7956
2024-06-04 11:00:00+00:00,1.08663,1.0871,1.0858,1.08614,7206
2024-06-04 12:00:00+00:00,1.08615,1.08701,1.086,1.08643,8036
2024-06-04 13:00:00+00:00,1.08644,1.0872,1.0861,1.08644,8404
2024-06-04 14:00:00+00:00,1.08636,1.0882,1.0862,1.08801,12014
2024-06-04 15:00:00+00:00,1.08801,1.08834,1.0873,1.08775,8294
2024-06-04 16:00:00+00:00,1.08778,1.0884,1.0876,1.08801,6732
2024-06-04 17:00:00+00:00,1.088,1.0888,1.0876,1.0881,6397
2024-06-04 18:00:00+00:00,1.08832,1.08865,1.0879,1.08821,6611
2024-06-04 19:00:00+00:00,1.08819,1.0883,1.0877,1.08808,5918
2024-06-04 20:00:00+00:00,1.08809,1.0881,1.0877,1.088,2603
2024-06-04 21:00:00+00:00,1.088,1.0883,1.08756,1.08775,1567
2024-06-04 22:00:00+00:00,1.08785,1.0883,1.0877,1.08794,1277
2024-06-04 23:00:00+00:00,1.0878,1.0882,1.0878,1.08814,1908
2024-06-05 00:00:00+00:00,1.08815,1.0886,1.0877,1.08841,3983
2024-06-05 01:00:00+00:00,1.08842,1.08861,1.0879,1.08838,3845
2024-06-05 02:00:00+00:00,1.0884,1.0886,1.0881,1.08831,2932
2024-06-05 03:00:00+00:00,1.08832,1.08835,1.0875,1.08783,3546
2024-06-05 04:00:00+00:00,1.08781,1.0881,1.0875,1.0881,2889
2024-06-05 05:00:00+00:00,1.08806,1.08822,1.0874,1.08791,3669
2024-06-05 06:00:00+00:00,1.08789,1.08801,1.087,1.08758,5071
2024-06-05 07:00:00+00:00,1.08757,1.08793,1.0869,1.08714,7164
2024-06-05 08:00:00+00:00,1.08717,1.0877,1.0869,1.08753,5563
2024-06-05 09:00:00+00:00,1.08754,1.0878,1.087,1.08732,5472
2024-06-05 10:00:00+00:00,1.08732,1.0874,1.0863,1.08683,5152
2024-06-05 11:00:00+00:00,1.08681,1.08691,1.0858,1.08678,5660
2024-06-05 12:00:00+00:00,1.08679,1.08842,1.0867,1.08837,8203
2024-06-05 13:00:00+00:00,1.0884,1.0892,1.088,1.08853,9539
2024-06-05 14:00:00+00:00,1.08878,1.08878,1.0861,1.08662,12608
2024-06-05 15:00:00+00:00,1.08663,1.08706,1.0861,1.08648,7868
2024-06-05 16:00:00+00:00,1.08645,1.08686,1.0853,1.08643,6291
2024-06-05 17:00:00+00:00,1.08648,1.08675,1.0859,1.08667,5224
2024-06-05 18:00:00+00:00,1.08672,1.08772,1.0864,1.08755,5585
2024-06-05 19:00:00+00:00,1.08755,1.0877,1.0871,1.0874,4267
2024-06-05 20:00:00+00:00,1.08738,1.0874,1.08654,1.08682,2876
2024-06-05 21:00:00+00:00,1.08682,1.0875,1.08636,1.08697,1774
2024-06-05 22:00:00+00:00,1.08702,1.0875,1.0868,1.0873,1725
2024-06-05 23:00:00+00:00,1.08727,1.0875,1.0871,1.08737,1938
2024-06-06 00:00:00+00:00,1.0874,1.08823,1.0872,1.0882,3848
2024-06-06 01:00:00+00:00,1.08816,1.0895,1.088,1.08937,5318
2024-06-06 02:00:00+00:00,1.08939,1.0897,1.0887,1.08916,4234
2024-06-06 03:00:00+00:00,1.08915,1.0894,1.0888,1.08904,2906
2024-06-06 04:00:00+00:00,1.08905,1.0892,1.0885,1.0887,2820
2024-06-06 05:00:00+00:00,1.08869,1.0888,1.088,1.08845,3244
2024-06-06 06:00:00+00:00,1.08846,1.0885,1.0875,1.08838,5917
2024-06-06 07:00:00+00:00,1.0884,1.08881,1.0874,1.08782,6236
2024-06-06 08:00:00+00:00,1.08782,1.0879,1.0869,1.08772,5275
2024-06-06 09:00:00+00:00,1.08769,1.08821,1.0875,1.08799,5113
2024-06-06 10:00:00+00:00,1.08798,1.0882,1.0874,1.08762,4649
2024-06-06 11:00:00+00:00,1.08763,1.0877,1.0861,1.08676,5343
2024-06-06 12:00:00+00:00,1.08677,1.09019,1.08621,1.08814,11565
2024-06-06 13:00:00+00:00,1.08812,1.0891,1.0871,1.08849,11820
2024-06-06 14:00:00+00:00,1.08849,1.0892,1.0871,1.08778,9271
2024-06-06 15:00:00+00:00,1.0877,1.0887,1.0877,1.08817,6406
2024-06-06 16:00:00+00:00,1.08817,1.0888,1.0878,1.08818,4815
2024-06-06 17:00:00+00:00,1.08819,1.0894,1.0879,1.08916,4417
2024-06-06 18:00:00+00:00,1.08921,1.0895,1.0884,1.08929,5094
2024-06-06 19:00:00+00:00,1.08929,1.0895,1.0887,1.08892,5261
2024-06-06 20:00:00+00:00,1.08892,1.0894,1.0887,1.08894,3121
2024-06-06 21:00:00+00:00,1.08894,1.0893,1.08869,1.08893,1508
2024-06-06 22:00:00+00:00,1.0889,1.0894,1.0889,1.08916,1326
2024-06-06 23:00:00+00:00,1.08919,1.0895,1.0889,1.08915,2052
2024-06-07 00:00:00+00:00,1.08913,1.08923,1.0885,1.08892,3776
2024-06-07 01:00:00+00:00,1.08895,1.0897,1.0885,1.08957,4643
2024-06-07 02:00:00+00:00,1.08958,1.0899,1.0892,1.0896,3573
2024-06-07 03:00:00+00:00,1.08968,1.0898,1.0892,1.08944,3718
2024-06-07 04:00:00+00:00,1.08944,1.0898,1.0892,1.08952,3418
2024-06-07 05:00:00+00:00,1.08951,1.0896,1.0888,1.08904,3727
2024-06-07 06:00:00+00:00,1.08907,1.08965,1.0886,1.08921,5775
2024-06-07 07:00:00+00:00,1.08921,1.08984,1.0888,1.08926,7452
2024-06-07 08:00:00+00:00,1.08926,1.08931,1.0882,1.0889,7445
2024-06-07 09:00:00+00:00,1.0889,1.08961,1.0887,1.08913,6993
2024-06-07 10:00:00+00:00,1.08912,1.0895,1.0887,1.08886,5759
2024-06-07 11:00:00+00:00,1.08881,1.09017,1.0886,1.08982,6208
2024-06-07 12:00:00+00:00,1.08983,1.09015,1.0823,1.08331,13031
2024-06-07 13:00:00+00:00,1.0833,1.0836,1.0816,1.08192,12780
2024-06-07 14:00:00+00:00,1.08194,1.08256,1.0809,1.0812,11239
2024-06-07 15:00:00+00:00,1.08124,1.0813,1.0803,1.08065,8556
2024-06-07 16:00:00+00:00,1.08068,1.08121,1.0801,1.08052,6847
2024-06-07 17:00:00+00:00,1.08049,1.08061,1.0799,1.08044,5072
2024-06-07 18:00:00+00:00,1.08049,1.0807,1.0799,1.08054,6175
2024-06-07 19:00:00+00:00,1.0805,1.0808,1.0798,1.08002,6147
2024-06-07 20:00:00+00:00,1.08,1.0816,1.0796,1.0816,3242
2024-06-09 21:00:00+00:00,1.07718,1.0776,1.07621,1.07709,875
2024-06-09 22:00:00+00:00,1.07706,1.07778,1.07648,1.07769,1603
2024-06-09 23:00:00+00:00,1.07769,1.0781,1.0774,1.0778,1259
2024-06-10 00:00:00+00:00,1.07785,1.07812,1.0773,1.07777,3603
2024-06-10 01:00:00+00:00,1.07779,1.078,1.077,1.07745,3522
2024-06-10 02:00:00+00:00,1.0775,1.0775,1.0765,1.0767,2570
2024-06-10 03:00:00+00:00,1.07675,1.0769,1.0754,1.07554,3282
2024-06-10 04:00:00+00:00,1.07553,1.0756,1.0746,1.07542,4140
2024-06-10 05:00:00+00:00,1.07543,1.07555,1.0746,1.07533,4206
2024-06-10 06:00:00+00:00,1.07531,1.0759,1.0747,1.07518,6902
2024-06-10 07:00:00+00:00,1.0752,1.07665,1.0746,1.0762,8980
2024-06-10 08:00:00+00:00,1.07644,1.07682,1.0754,1.07566,6871
2024-06-10 09:00:00+00:00,1.07565,1.0759,1.0739,1.07432,6768
2024-06-10 10:00:00+00:00,1.0743,1.0744,1.0731,1.07369,6702
2024-06-10 11:00:00+00:00,1.07369,1.0755,1.0735,1.07535,5273
2024-06-10 12:00:00+00:00,1.07536,1.07605,1.074,1.074,7712
2024-06-10 13:00:00+00:00,1.07412,1.07492,1.0736,1.07401,8606
2024-06-10 14:00:00+00:00,1.074,1.0745,1.0732,1.07335,7644
2024-06-10 15:00:00+00:00,1.07337,1.07502,1.0731,1.07497,7073
2024-06-10 16:00:00+00:00,1.07501,1.0759,1.0749,1.0752,5879
2024-06-10 17:00:00+00:00,1.07541,1.07604,1.0749,1.07591,5525
2024-06-10 18:00:00+00:00,1.07592,1.0763,1.0755,1.07613,5506
2024-06-10 19:00:00+00:00,1.07615,1.07655,1.076,1.07628,4384
2024-06-10 20:00:00+00:00,1.07628,1.0767,1.076,1.0765,2657
2024-06-10 21:00:00+00:00,1.0765,1.0767,1.0751,1.07646,1512
2024-06-10 22:00:00+00:00,1.07653,1.0771,1.0763,1.0765,1713
2024-06-10 23:00:00+00:00,1.07647,1.0766,1.0761,1.07632,2518
2024-06-11 00:00:00+00:00,1.07634,1.0765,1.076,1.07636,4014
2024-06-11 01:00:00+00:00,1.07634,1.0769,1.0761,1.07667,4497
2024-06-11 02:00:00+00:00,1.0766,1.0769,1.0763,1.07675,3736
2024-06-11 03:00:00+00:00,1.07678,1.077,1.0765,1.07684,3107
2024-06-11 04:00:00+00:00,1.0769,1.0771,1.0766,1.07683,2324
2024-06-11 05:00:00+00:00,1.07682,1.077,1.0763,1.07654,3417
2024-06-11 06:00:00+00:00,1.07653,1.07735,1.0764,1.0768,5288
2024-06-11 07:00:00+00:00,1.07679,1.07694,1.076,1.07639,6944
2024-06-11 08:00:00+00:00,1.0764,1.0765,1.0743,1.07451,7260
2024-06-11 09:00:00+00:00,1.07452,1.0754,1.0739,1.07502,8356
2024-06-11 10:00:00+00:00,1.07506,1.07563,1.0735,1.0741,7595
2024-06-11 11:00:00+00:00,1.07412,1.07416,1.0722,1.07287,7632
2024-06-11 12:00:00+00:00,1.07289,1.07364,1.0724,1.07324,8159
2024-06-11 13:00:00+00:00,1.07319,1.07365,1.0719,1.07239,9540
2024-06-11 14:00:00+00:00,1.07238,1.07292,1.0719,1.07223,8785
2024-06-11 15:00:00+00:00,1.07221,1.07335,1.0721,1.07323,6775
2024-06-11 16:00:00+00:00,1.07318,1.0739,1.0731,1.07375,4766
2024-06-11 17:00:00+00:00,1.07374,1.07432,1.0735,1.07422,5043
2024-06-11 18:00:00+00:00,1.07421,1.07452,1.0739,1.07433,4148
2024-06-11 19:00:00+00:00,1.07432,1.07494,1.0739,1.074,4742
2024-06-11 20:00:00+00:00,1.074,1.0742,1.0737,1.0739,2686
2024-06-11 21:00:00+00:00,1.0739,1.0746,1.07316,1.0742,1622
2024-06-11 22:00:00+00:00,1.07417,1.0744,1.0739,1.07407,1385
2024-06-11 23:00:00+00:00,1.07407,1.0742,1.0737,1.07399,2128
2024-06-12 00:00:00+00:00,1.074,1.074,1.0733,1.07359,3852
2024-06-12 01:00:00+00:00,1.07358,1.0742,1.0733,1.07399,4412
2024-06-12 02:00:00+00:00,1.074,1.0743,1.0737,1.07417,4061
2024-06-12 03:00:00+00:00,1.07416,1.07431,1.0738,1.07402,3333
2024-06-12 04:00:00+00:00,1.07402,1.0741,1.0735,1.07366,2837
2024-06-12 05:00:00+00:00,1.07365,1.0746,1.0734,1.07456,3548
2024-06-12 06:00:00+00:00,1.07459,1.07471,1.0737,1.07413,4836
2024-06-12 07:00:00+00:00,1.07414,1.07454,1.0734,1.0742,5972
2024-06-12 08:00:00+00:00,1.07445,1.0754,1.0743,1.07464,5430
2024-06-12 09:00:00+00:00,1.07465,1.0754,1.0743,1.07525,6018
2024-06-12 10:00:00+00:00,1.07527,1.07601,1.0748,1.07582,4990
2024-06-12 11:00:00+00:00,1.07586,1.07654,1.0755,1.07641,6110
2024-06-12 12:00:00+00:00,1.07638,1.0831,1.0761,1.08266,12525
2024-06-12 13:00:00+00:00,1.08265,1.08373,1.08182,1.08365,12902
2024-06-12 14:00:00+00:00,1.08362,1.0851,1.0816,1.08479,10702
2024-06-12 15:00:00+00:00,1.08481,1.08523,1.0841,1.08421,8514
2024-06-12 16:00:00+00:00,1.08424,1.0848,1.084,1.0844,7354
2024-06-12 17:00:00+00:00,1.08441,1.0846,1.0834,1.08363,6472
2024-06-12 18:00:00+00:00,1.08355,1.0842,1.08065,1.08113,18815
2024-06-12 19:00:00+00:00,1.08114,1.0818,1.0802,1.08063,11616
2024-06-12 20:00:00+00:00,1.08062,1.0812,1.0803,1.08084,3544
2024-06-12 21:00:00+00:00,1.08084,1.0819,1.08021,1.08116,1733
2024-06-12 22:00:00+00:00,1.08122,1.0816,1.0809,1.08105,2279
2024-06-12 23:00:00+00:00,1.08104,1.0816,1.0809,1.08126,2599
2024-06-13 00:00:00+00:00,1.08126,1.0816,1.0809,1.08128,3651
2024-06-13 01:00:00+00:00,1.08127,1.0816,1.0802,1.08044,5070
2024-06-13 02:00:00+00:00,1.08045,1.0809,1.0803,1.08079,4177
2024-06-13 03:00:00+00:00,1.08079,1.08091,1.0804,1.08067,3039
2024-06-13 04:00:00+00:00,1.08068,1.0808,1.0802,1.08038,2553
2024-06-13 05:00:00+00:00,1.08037,1.0807,1.0799,1.08044,3452
2024-06-13 06:00:00+00:00,1.08039,1.08071,1.0799,1.08019,5600
2024-06-13 07:00:00+00:00,1.08019,1.0817,1.08,1.08143,7603
2024-06-13 08:00:00+00:00,1.08139,1.0815,1.0803,1.08061,6373
2024-06-13 09:00:00+00:00,1.0806,1.08115,1.08,1.08018,5488
2024-06-13 10:00:00+00:00,1.08016,1.08093,1.0792,1.07939,5897
2024-06-13 11:00:00+00:00,1.07942,1.07967,1.0781,1.07832,6615
2024-06-13 12:00:00+00:00,1.07834,1.08154,1.0779,1.07932,11616
2024-06-13 13:00:00+00:00,1.07936,1.0808,1.0785,1.07871,10944
2024-06-13 14:00:00+00:00,1.07873,1.07905,1.0761,1.07714,10738
2024-06-13 15:00:00+00:00,1.07714,1.07723,1.0752,1.07553,8505
2024-06-13 16:00:00+00:00,1.07552,1.07556,1.0732,1.07349,8049
2024-06-13 17:00:00+00:00,1.07349,1.0744,1.0733,1.07423,7007
2024-06-13 18:00:00+00:00,1.07422,1.0743,1.0734,1.07393,4846
2024-06-13 19:00:00+00:00,1.07393,1.0743,1.0736,1.07405,4518
2024-06-13 20:00:00+00:00,1.07403,1.07431,1.0735,1.0735,3039
2024-06-13 21:00:00+00:00,1.0735,1.0743,1.07324,1.0738,1522
2024-06-13 22:00:00+00:00,1.07387,1.074,1.0734,1.0738,2144
2024-06-13 23:00:00+00:00,1.07381,1.0741,1.0735,1.07375,2197
2024-06-14 00:00:00+00:00,1.07371,1.0741,1.0734,1.07363,4017
2024-06-14 01:00:00+00:00,1.07361,1.0742,1.0734,1.07416,3849
2024-06-14 02:00:00+00:00,1.07414,1.0745,1.0738,1.07427,3437
2024-06-14 03:00:00+00:00,1.0743,1.07449,1.0736,1.07401,4518
2024-06-14 04:00:00+00:00,1.07402,1.0741,1.0733,1.07361,3062
2024-06-14 05:00:00+00:00,1.07362,1.07372,1.0729,1.07303,3901
2024-06-14 06:00:00+00:00,1.07304,1.07327,1.0714,1.07247,7672
2024-06-14 07:00:00+00:00,1.07249,1.07272,1.0705,1.0707,9671
2024-06-14 08:00:00+00:00,1.07073,1.0712,1.0688,1.069,9707
2024-06-14 09:00:00+00:00,1.06916,1.0692,1.0671,1.06872,9783
2024-06-14 10:00:00+00:00,1.06871,1.0699,1.0678,1.0696,9531
2024-06-14 11:00:00+00:00,1.06978,1.0706,1.0691,1.06939,8774
2024-06-14 12:00:00+00:00,1.06938,1.06952,1.0678,1.0689,11376
2024-06-14 13:00:00+00:00,1.06893,1.06924,1.0666,1.06693,10661
2024-06-14 14:00:00+00:00,1.0669,1.0688,1.0666,1.0687,11631
2024-06-14 15:00:00+00:00,1.06872,1.07,1.0683,1.06988,8487
2024-06-14 16:00:00+00:00,1.06987,1.0702,1.0692,1.07003,5948
2024-06-14 17:00:00+00:00,1.07004,1.0705,1.0695,1.06981,5690
2024-06-14 18:00:00+00:00,1.0698,1.0701,1.0693,1.06992,5698
2024-06-14 19:00:00+00:00,1.06993,1.0706,1.0697,1.07057,4774
2024-06-14 20:00:00+00:00,1.07058,1.0708,1.06969,1.0703,2959
2024-06-16 21:00:00+00:00,1.07026,1.07065,1.07008,1.07022,194
2024-06-16 22:00:00+00:00,1.07017,1.07087,1.07016,1.07064,1017
2024-06-16 23:00:00+00:00,1.07064,1.07071,1.07,1.07024,1211
2024-06-17 00:00:00+00:00,1.07022,1.07071,1.0699,1.07039,4153
2024-06-17 01:00:00+00:00,1.07038,1.0705,1.0698,1.07014,4535
2024-06-17 02:00:00+00:00,1.07013,1.0705,1.0697,1.0704,3433
2024-06-17 03:00:00+00:00,1.0704,1.0705,1.07,1.07035,3371
2024-06-17 04:00:00+00:00,1.07037,1.0706,1.07,1.07039,3037
2024-06-17 05:00:00+00:00,1.07038,1.0705,1.0698,1.06996,3822
2024-06-17 06:00:00+00:00,1.06993,1.07039,1.0685,1.06973,8757
2024-06-17 07:00:00+00:00,1.06975,1.0709,1.0691,1.07007,9198
2024-06-17 08:00:00+00:00,1.07001,1.07124,1.0698,1.07065,8020
2024-06-17 09:00:00+00:00,1.07066,1.0715,1.0705,1.0711,7313
2024-06-17 10:00:00+00:00,1.07111,1.07136,1.07,1.07097,6201
2024-06-17 11:00:00+00:00,1.07101,1.0719,1.0708,1.07095,6231
2024-06-17 12:00:00+00:00,1.07093,1.07153,1.0705,1.07136,7491
2024-06-17 13:00:00+00:00,1.07137,1.0722,1.0711,1.07161,8684
2024-06-17 14:00:00+00:00,1.07161,1.07184,1.0711,1.07161,8519
2024-06-17 15:00:00+00:00,1.07155,1.0725,1.0714,1.07221,6629
2024-06-17 16:00:00+00:00,1.07221,1.0728,1.0719,1.07249,5972
2024-06-17 17:00:00+00:00,1.0725,1.07273,1.0722,1.07259,4549
2024-06-17 18:00:00+00:00,1.07259,1.0739,1.0724,1.07361,5834
2024-06-17 19:00:00+00:00,1.0736,1.0737,1.0729,1.0732,4913
2024-06-17 20:00:00+00:00,1.07321,1.0736,1.0731,1.0734,2670
2024-06-17 21:00:00+00:00,1.0734,1.0737,1.07281,1.07316,1158
2024-06-17 22:00:00+00:00,1.07318,1.07402,1.073,1.07376,1864
2024-06-17 23:00:00+00:00,1.0738,1.07411,1.0733,1.0738,2429
2024-06-18 00:00:00+00:00,1.07398,1.0741,1.0734,1.07359,4234
2024-06-18 01:00:00+00:00,1.07359,1.0737,1.0726,1.07276,4183
2024-06-18 02:00:00+00:00,1.07276,1.07283,1.0723,1.07242,3822
2024-06-18 03:00:00+00:00,1.07241,1.0725,1.0719,1.07247,3183
2024-06-18 04:00:00+00:00,1.07246,1.0727,1.0718,1.07213,3700
2024-06-18 05:00:00+00:00,1.07212,1.0724,1.0717,1.07229,4387
2024-06-18 06:00:00+00:00,1.0723,1.0734,1.0721,1.07331,6184
2024-06-18 07:00:00+00:00,1.07332,1.07352,1.0721,1.07233,7033
2024-06-18 08:00:00+00:00,1.07231,1.0725,1.0714,1.07189,6494
2024-06-18 09:00:00+00:00,1.07188,1.0726,1.0714,1.07197,6910
2024-06-18 10:00:00+00:00,1.07197,1.0721,1.0714,1.0716,5291
2024-06-18 11:00:00+00:00,1.07178,1.07183,1.0709,1.07162,5374
2024-06-18 12:00:00+00:00,1.0716,1.0734,1.0709,1.07311,9963
2024-06-18 13:00:00+00:00,1.07312,1.075,1.0728,1.07481,9478
2024-06-18 14:00:00+00:00,1.07484,1.07614,1.0735,1.07379,10564
2024-06-18 15:00:00+00:00,1.07382,1.07422,1.0733,1.07383,8137
2024-06-18 16:00:00+00:00,1.07384,1.0743,1.0734,1.07393,5705
2024-06-18 17:00:00+00:00,1.07394,1.07433,1.0732,1.07352,6578
2024-06-18 18:00:00+00:00,1.07351,1.07403,1.073,1.07396,5439
2024-06-18 19:00:00+00:00,1.07397,1.07397,1.0734,1.07388,4720
2024-06-18 20:00:00+00:00,1.07385,1.0741,1.0736,1.0738,3109
2024-06-18 21:00:00+00:00,1.0738,1.0742,1.0736,1.07397,1308
2024-06-18 22:00:00+00:00,1.07403,1.0743,1.0738,1.07403,1555
2024-06-18 23:00:00+00:00,1.07407,1.0742,1.0737,1.07386,1849
2024-06-19 00:00:00+00:00,1.07385,1.07394,1.0735,1.07374,3293
2024-06-19 01:00:00+00:00,1.07373,1.0742,1.0734,1.07406,3507
2024-06-19 02:00:00+00:00,1.07406,1.0743,1.0736,1.07385,2983
2024-06-19 03:00:00+00:00,1.07385,1.07403,1.0735,1.07377,2739
2024-06-19 04:00:00+00:00,1.07376,1.0738,1.0733,1.0735,2665
2024-06-19 05:00:00+00:00,1.07358,1.0739,1.0733,1.07379,3348
2024-06-19 06:00:00+00:00,1.07378,1.07413,1.0726,1.07312,6043
2024-06-19 07:00:00+00:00,1.07313,1.07407,1.0723,1.07364,8355
2024-06-19 08:00:00+00:00,1.07367,1.0742,1.0733,1.0738,6646
2024-06-19 09:00:00+00:00,1.07404,1.0744,1.0731,1.07369,6570
2024-06-19 10:00:00+00:00,1.07368,1.07521,1.0733,1.075,6182
2024-06-19 11:00:00+00:00,1.07501,1.0754,1.0745,1.07508,5900
2024-06-19 12:00:00+00:00,1.07509,1.0753,1.0741,1.07457,5809
2024-06-19 13:00:00+00:00,1.07459,1.07481,1.0739,1.07435,5403
2024-06-19 14:00:00+00:00,1.07434,1.0751,1.0742,1.0748,4656
2024-06-19 15:00:00+00:00,1.07481,1.075,1.0739,1.0749,3869
2024-06-19 16:00:00+00:00,1.07493,1.07493,1.0745,1.0745,2141
2024-06-19 17:00:00+00:00,1.0747,1.0749,1.0742,1.07444,1452
2024-06-19 18:00:00+00:00,1.07444,1.0745,1.0741,1.07432,1241
2024-06-19 19:00:00+00:00,1.07431,1.0746,1.0741,1.07447,1329
2024-06-19 20:00:00+00:00,1.07445,1.0746,1.0741,1.0742,1199
2024-06-19 21:00:00+00:00,1.0742,1.0748,1.07293,1.07424,1143
2024-06-19 22:00:00+00:00,1.07437,1.0748,1.0742,1.07455,1944
2024-06-19 23:00:00+00:00,1.07454,1.075,1.0744,1.0747,1650
2024-06-20 00:00:00+00:00,1.07469,1.07481,1.0743,1.0744,3420
2024-06-20 01:00:00+00:00,1.07461,1.0748,1.0741,1.07455,3876
2024-06-20 02:00:00+00:00,1.07456,1.0746,1.0737,1.0739,3173
2024-06-20 03:00:00+00:00,1.07393,1.0743,1.0737,1.07418,2765
2024-06-20 04:00:00+00:00,1.07419,1.0745,1.0739,1.07427,2708
2024-06-20 05:00:00+00:00,1.07424,1.07435,1.0735,1.0737,2862
2024-06-20 06:00:00+00:00,1.0737,1.07382,1.0729,1.07326,4275
2024-06-20 07:00:00+00:00,1.07325,1.07362,1.0723,1.07246,5107
2024-06-20 08:00:00+00:00,1.07242,1.07244,1.0711,1.07168,5067
2024-06-20 09:00:00+00:00,1.0717,1.0728,1.0713,1.07252,4528
2024-06-20 10:00:00+00:00,1.07248,1.07317,1.0723,1.07287,4074
2024-06-20 11:00:00+00:00,1.07288,1.07322,1.0711,1.07148,4887
2024-06-20 12:00:00+00:00,1.07148,1.07305,1.0712,1.07188,6227
2024-06-20 13:00:00+00:00,1.0719,1.0729,1.0716,1.07244,5920
2024-06-20 14:00:00+00:00,1.07245,1.0731,1.0719,1.07218,5648
2024-06-20 15:00:00+00:00,1.07216,1.07225,1.0706,1.07072,5280
2024-06-20 16:00:00+00:00,1.07071,1.0711,1.0702,1.07071,4747
2024-06-20 17:00:00+00:00,1.0707,1.07095,1.0703,1.07069,4763
2024-06-20 18:00:00+00:00,1.07067,1.0718,1.0706,1.07102,4391
2024-06-20 19:00:00+00:00,1.07102,1.0711,1.0702,1.07051,4215
2024-06-20 20:00:00+00:00,1.0705,1.0706,1.07,1.07,2556
2024-06-20 21:00:00+00:00,1.07016,1.0707,1.07,1.07035,1321
2024-06-20 22:00:00+00:00,1.07037,1.0705,1.06989,1.0701,1737
2024-06-20 23:00:00+00:00,1.07019,1.0708,1.07,1.07058,2088
2024-06-21 00:00:00+00:00,1.07059,1.0708,1.0702,1.07065,3207
2024-06-21 01:00:00+00:00,1.07064,1.0711,1.0703,1.071,3556
2024-06-21 02:00:00+00:00,1.07103,1.0718,1.0708,1.07167,3162
2024-06-21 03:00:00+00:00,1.07164,1.0717,1.0712,1.0715,2715
2024-06-21 04:00:00+00:00,1.07162,1.0719,1.0714,1.0716,2308
2024-06-21 05:00:00+00:00,1.07181,1.0721,1.0713,1.07177,2967
2024-06-21 06:00:00+00:00,1.07179,1.0721,1.0707,1.07099,4360
2024-06-21 07:00:00+00:00,1.07097,1.07101,1.067,1.06778,6212
2024-06-21 08:00:00+00:00,1.06754,1.06955,1.0675,1.06904,5655
2024-06-21 09:00:00+00:00,1.06909,1.0698,1.0682,1.06974,5253
2024-06-21 10:00:00+00:00,1.0698,1.06981,1.0675,1.0681,4697
2024-06-21 11:00:00+00:00,1.0681,1.069,1.0679,1.06888,4822
2024-06-21 12:00:00+00:00,1.06889,1.06952,1.0684,1.06947,5111
2024-06-21 13:00:00+00:00,1.06948,1.0698,1.0677,1.06815,6334
2024-06-21 14:00:00+00:00,1.06825,1.0698,1.0679,1.06814,6528
2024-06-21 15:00:00+00:00,1.06814,1.0695,1.0679,1.06935,5350
2024-06-21 16:00:00+00:00,1.06933,1.0696,1.0688,1.06922,4070
2024-06-21 17:00:00+00:00,1.06917,1.0695,1.0689,1.06932,3800
2024-06-21 18:00:00+00:00,1.06932,1.0697,1.069,1.06947,3683
2024-06-21 19:00:00+00:00,1.06946,1.0697,1.0689,1.06916,3909
2024-06-21 20:00:00+00:00,1.06916,1.0696,1.06827,1.0692,2941
2024-06-23 21:00:00+00:00,1.0683,1.06911,1.0683,1.06896,589
2024-06-23 22:00:00+00:00,1.06905,1.06934,1.06894,1.06934,711
2024-06-23 23:00:00+00:00,1.06936,1.06953,1.0686,1.06876,1267
2024-06-24 00:00:00+00:00,1.06877,1.06936,1.0683,1.069,3278
2024-06-24 01:00:00+00:00,1.06918,1.0693,1.0682,1.06906,4734
2024-06-24 02:00:00+00:00,1.06907,1.06933,1.0687,1.06892,3505
2024-06-24 03:00:00+00:00,1.0688,1.0694,1.0688,1.06916,3508
2024-06-24 04:00:00+00:00,1.06916,1.0695,1.0689,1.06943,3493
2024-06-24 05:00:00+00:00,1.06946,1.06995,1.0693,1.06985,3614
2024-06-24 06:00:00+00:00,1.0698,1.07071,1.0696,1.07032,5836
2024-06-24 07:00:00+00:00,1.07029,1.0716,1.0701,1.07122,6994
2024-06-24 08:00:00+00:00,1.07126,1.0718,1.0707,1.07136,7152
2024-06-24 09:00:00+00:00,1.07134,1.0729,1.0711,1.07226,7088
2024-06-24 10:00:00+00:00,1.07224,1.0732,1.0718,1.07301,6902
2024-06-24 11:00:00+00:00,1.07301,1.0736,1.0725,1.07352,6369
2024-06-24 12:00:00+00:00,1.07357,1.07357,1.0725,1.07345,7167
2024-06-24 13:00:00+00:00,1.07347,1.0744,1.0734,1.07423,8378
2024-06-24 14:00:00+00:00,1.07419,1.0747,1.0726,1.07299,8888
2024-06-24 15:00:00+00:00,1.07299,1.07331,1.0722,1.07271,6426
2024-06-24 16:00:00+00:00,1.0727,1.07314,1.0724,1.07277,4921
2024-06-24 17:00:00+00:00,1.07272,1.0728,1.072,1.07249,5333
2024-06-24 18:00:00+00:00,1.0725,1.07374,1.0723,1.07355,5570
2024-06-24 19:00:00+00:00,1.0735,1.07383,1.0733,1.07359,4907
2024-06-24 20:00:00+00:00,1.07356,1.0738,1.07302,1.0734,3119
2024-06-24 21:00:00+00:00,1.0734,1.074,1.07276,1.07327,1227
2024-06-24 22:00:00+00:00,1.07324,1.0736,1.0731,1.07324,1710
2024-06-24 23:00:00+00:00,1.07326,1.0733,1.0729,1.07322,2256
2024-06-25 00:00:00+00:00,1.0732,1.0736,1.073,1.0734,3560
2024-06-25 01:00:00+00:00,1.07338,1.0737,1.0731,1.07346,4319
2024-06-25 02:00:00+00:00,1.07343,1.0739,1.0732,1.0735,3392
2024-06-25 03:00:00+00:00,1.07368,1.074,1.0734,1.07382,3167
2024-06-25 04:00:00+00:00,1.07382,1.074,1.0735,1.07395,3123
2024-06-25 05:00:00+00:00,1.07394,1.07441,1.0738,1.07417,3756
2024-06-25 06:00:00+00:00,1.07416,1.0742,1.073,1.07317,4976
2024-06-25 07:00:00+00:00,1.07312,1.0733,1.0719,1.07269,7464
2024-06-25 08:00:00+00:00,1.07268,1.0736,1.0724,1.0732,6336
2024-06-25 09:00:00+00:00,1.07343,1.07353,1.0722,1.0724,5379
2024-06-25 10:00:00+00:00,1.07245,1.07303,1.072,1.07233,5956
2024-06-25 11:00:00+00:00,1.07232,1.07244,1.0708,1.07092,6016
2024-06-25 12:00:00+00:00,1.07094,1.0715,1.07,1.07051,7455
2024-06-25 13:00:00+00:00,1.07046,1.0713,1.0699,1.07024,7837
2024-06-25 14:00:00+00:00,1.07019,1.07033,1.0689,1.07006,8505
2024-06-25 15:00:00+00:00,1.07007,1.07094,1.0699,1.0704,6377
2024-06-25 16:00:00+00:00,1.07037,1.0709,1.07,1.07045,5269
2024-06-25 17:00:00+00:00,1.07045,1.0715,1.0703,1.0713,5048
2024-06-25 18:00:00+00:00,1.07133,1.0718,1.0711,1.07159,4635
2024-06-25 19:00:00+00:00,1.07158,1.0718,1.0712,1.07157,4178
2024-06-25 20:00:00+00:00,1.07156,1.0716,1.0709,1.0714,2757
2024-06-25 21:00:00+00:00,1.0714,1.0716,1.0658,1.07116,1340
2024-06-25 22:00:00+00:00,1.07127,1.0716,1.0711,1.07122,1737
2024-06-25 23:00:00+00:00,1.07122,1.07122,1.0707,1.07091,2169
2024-06-26 00:00:00+00:00,1.0708,1.07125,1.0704,1.07114,3313
2024-06-26 01:00:00+00:00,1.07111,1.07166,1.0709,1.07158,4835
2024-06-26 02:00:00+00:00,1.0715,1.0718,1.0707,1.07098,3380
2024-06-26 03:00:00+00:00,1.07096,1.0713,1.0708,1.0711,2920
2024-06-26 04:00:00+00:00,1.07108,1.0712,1.0706,1.07101,2752
2024-06-26 05:00:00+00:00,1.071,1.0712,1.07,1.07037,3284
2024-06-26 06:00:00+00:00,1.07037,1.07056,1.0692,1.06947,5383
2024-06-26 07:00:00+00:00,1.06946,1.0696,1.0684,1.06938,7096
2024-06-26 08:00:00+00:00,1.06936,1.07,1.0688,1.06947,6290
2024-06-26 09:00:00+00:00,1.06948,1.07,1.0686,1.06886,6161
2024-06-26 10:00:00+00:00,1.06889,1.06891,1.068,1.0683,5796
2024-06-26 11:00:00+00:00,1.0685,1.06945,1.0678,1.06941,6148
2024-06-26 12:00:00+00:00,1.06938,1.0695,1.0676,1.06767,8578
2024-06-26 13:00:00+00:00,1.0677,1.06822,1.0664,1.06751,10153
2024-06-26 14:00:00+00:00,1.0675,1.06955,1.0673,1.06801,10947
2024-06-26 15:00:00+00:00,1.068,1.06873,1.0673,1.06818,8265
2024-06-26 16:00:00+00:00,1.06819,1.0688,1.0677,1.06819,6021
2024-06-26 17:00:00+00:00,1.0682,1.0691,1.068,1.0685,5759
2024-06-26 18:00:00+00:00,1.06855,1.06856,1.0676,1.06797,4760
2024-06-26 19:00:00+00:00,1.06797,1.0682,1.0673,1.06808,4140
2024-06-26 20:00:00+00:00,1.06809,1.06814,1.0676,1.0679,3132
2024-06-26 21:00:00+00:00,1.0679,1.0684,1.0675,1.06793,1405
2024-06-26 22:00:00+00:00,1.06799,1.0682,1.0678,1.0681,2279
2024-06-26 23:00:00+00:00,1.06803,1.0682,1.0676,1.06798,2505
2024-06-27 00:00:00+00:00,1.06797,1.0682,1.0675,1.06782,4366
2024-06-27 01:00:00+00:00,1.06783,1.069,1.0676,1.06886,4207
2024-06-27 02:00:00+00:00,1.06891,1.0693,1.0686,1.0689,4127
2024-06-27 03:00:00+00:00,1.06892,1.0694,1.0687,1.06907,3106
2024-06-27 04:00:00+00:00,1.06907,1.0695,1.0689,1.0693,2847
2024-06-27 05:00:00+00:00,1.06941,1.06973,1.069,1.06957,3732
2024-06-27 06:00:00+00:00,1.06952,1.0699,1.0689,1.06927,5809
2024-06-27 07:00:00+00:00,1.06929,1.0698,1.0687,1.06902,7570
2024-06-27 08:00:00+00:00,1.06901,1.06914,1.0679,1.06879,6867
2024-06-27 09:00:00+00:00,1.06878,1.0701,1.0686,1.06967,6486
2024-06-27 10:00:00+00:00,1.06972,1.0705,1.0689,1.07037,6636
2024-06-27 11:00:00+00:00,1.07034,1.07041,1.0692,1.06926,6251
2024-06-27 12:00:00+00:00,1.06927,1.0722,1.0691,1.07194,10198
2024-06-27 13:00:00+00:00,1.07193,1.07265,1.0715,1.0719,9516
2024-06-27 14:00:00+00:00,1.07203,1.07255,1.0707,1.07124,9679
2024-06-27 15:00:00+00:00,1.07125,1.0713,1.0698,1.0705,7664
2024-06-27 16:00:00+00:00,1.07069,1.07102,1.0702,1.07067,5720
2024-06-27 17:00:00+00:00,1.07066,1.07083,1.0703,1.0705,4986
2024-06-27 18:00:00+00:00,1.07052,1.0708,1.07,1.07054,5616
2024-06-27 19:00:00+00:00,1.07058,1.07071,1.07,1.07026,5192
2024-06-27 20:00:00+00:00,1.07027,1.07051,1.0701,1.07035,2766
2024-06-27 21:00:00+00:00,1.07035,1.0709,1.06985,1.0706,1601
2024-06-27 22:00:00+00:00,1.07053,1.0708,1.0701,1.07038,1944
2024-06-27 23:00:00+00:00,1.07036,1.071,1.0702,1.07075,2104
2024-06-28 00:00:00+00:00,1.07076,1.0711,1.0696,1.06976,3952
2024-06-28 01:00:00+00:00,1.06975,1.0699,1.0684,1.06909,6224
2024-06-28 02:00:00+00:00,1.0691,1.06971,1.0686,1.06939,4656
2024-06-28 03:00:00+00:00,1.06939,1.0695,1.0688,1.06919,3078
2024-06-28 04:00:00+00:00,1.06921,1.06922,1.0684,1.06866,2697
2024-06-28 05:00:00+00:00,1.0687,1.0693,1.0684,1.06901,3292
2024-06-28 06:00:00+00:00,1.06902,1.06983,1.0689,1.0697,5402
2024-06-28 07:00:00+00:00,1.06973,1.0704,1.069,1.06969,7195
2024-06-28 08:00:00+00:00,1.06958,1.07001,1.0691,1.06979,6806
2024-06-28 09:00:00+00:00,1.06978,1.07095,1.0692,1.07093,6197
2024-06-28 10:00:00+00:00,1.07093,1.07103,1.0702,1.07093,5632
2024-06-28 11:00:00+00:00,1.07094,1.0712,1.0691,1.06971,5943
2024-06-28 12:00:00+00:00,1.06974,1.07196,1.0696,1.07044,10418
2024-06-28 13:00:00+00:00,1.07043,1.07079,1.0691,1.06976,10005
2024-06-28 14:00:00+00:00,1.06988,1.0722,1.0691,1.0718,12535
2024-06-28 15:00:00+00:00,1.0718,1.0718,1.0708,1.07112,9785
2024-06-28 16:00:00+00:00,1.07112,1.0722,1.0708,1.07157,7149
2024-06-28 17:00:00+00:00,1.07158,1.0726,1.0712,1.07141,5566
2024-06-28 18:00:00+00:00,1.07142,1.0719,1.0709,1.07117,5529
2024-06-28 19:00:00+00:00,1.07117,1.0713,1.0704,1.0711,6191
2024-06-28 20:00:00+00:00,1.0711,1.0715,1.0707,1.0713,4129
2024-06-30 21:00:00+00:00,1.07445,1.07463,1.0735,1.07379,752
2024-06-30 22:00:00+00:00,1.07349,1.07411,1.0732,1.07366,1563
2024-06-30 23:00:00+00:00,1.0737,1.07394,1.0733,1.07348,1174
2024-07-01 00:00:00+00:00,1.07348,1.075,1.0733,1.07456,5046
2024-07-01 01:00:00+00:00,1.07455,1.07616,1.0741,1.07481,6003
2024-07-01 02:00:00+00:00,1.07482,1.0756,1.0745,1.07549,4012
2024-07-01 03:00:00+00:00,1.07549,1.0757,1.075,1.07526,3103
2024-07-01 04:00:00+00:00,1.07526,1.0759,1.0751,1.07547,2935
2024-07-01 05:00:00+00:00,1.07549,1.07623,1.0752,1.07554,3808
2024-07-01 06:00:00+00:00,1.07552,1.07764,1.0755,1.07697,7594
2024-07-01 07:00:00+00:00,1.07698,1.0773,1.075,1.07541,8349
2024-07-01 08:00:00+00:00,1.07541,1.0772,1.0748,1.07681,7116
2024-07-01 09:00:00+00:00,1.07681,1.0769,1.0755,1.07572,5896
2024-07-01 10:00:00+00:00,1.07568,1.0757,1.0746,1.07484,5404
2024-07-01 11:00:00+00:00,1.07486,1.07523,1.0741,1.07489,5613
2024-07-01 12:00:00+00:00,1.07491,1.075,1.0738,1.07478,7939
2024-07-01 13:00:00+00:00,1.07483,1.07592,1.0747,1.07549,8503
2024-07-01 14:00:00+00:00,1.07539,1.07697,1.0727,1.07301,12283
2024-07-01 15:00:00+00:00,1.073,1.07305,1.0718,1.07265,7266
2024-07-01 16:00:00+00:00,1.07268,1.07331,1.0723,1.07312,3229
2024-07-01 17:00:00+00:00,1.07316,1.0734,1.0726,1.07291,2577
2024-07-01 18:00:00+00:00,1.07294,1.07302,1.0722,1.07293,2697
2024-07-01 19:00:00+00:00,1.07291,1.0739,1.0728,1.07381,2686
2024-07-01 20:00:00+00:00,1.07383,1.0743,1.0737,1.0739,1849
2024-07-01 21:00:00+00:00,1.0739,1.0741,1.0734,1.07371,1399
2024-07-01 22:00:00+00:00,1.07394,1.07413,1.0735,1.07371,1859
2024-07-01 23:00:00+00:00,1.07372,1.0738,1.0734,1.07363,2125
2024-07-02 00:00:00+00:00,1.07363,1.07384,1.0732,1.07347,3873
2024-07-02 01:00:00+00:00,1.07346,1.0737,1.0731,1.07344,3576
2024-07-02 02:00:00+00:00,1.07343,1.0736,1.073,1.07351,3232
2024-07-02 03:00:00+00:00,1.07352,1.0736,1.0729,1.073,2813
2024-07-02 04:00:00+00:00,1.07322,1.0734,1.0726,1.07293,3031
2024-07-02 05:00:00+00:00,1.07295,1.0733,1.0725,1.07319,3405
2024-07-02 06:00:00+00:00,1.0732,1.0736,1.0724,1.07249,5366
2024-07-02 07:00:00+00:00,1.07248,1.07281,1.071,1.07181,8374
2024-07-02 08:00:00+00:00,1.07176,1.0724,1.0713,1.07195,6966
2024-07-02 09:00:00+00:00,1.07204,1.0723,1.0709,1.07108,6605
2024-07-02 10:00:00+00:00,1.07106,1.0719,1.0708,1.07173,5668
2024-07-02 11:00:00+00:00,1.07169,1.07246,1.0713,1.07238,5186
2024-07-02 12:00:00+00:00,1.07238,1.0734,1.0723,1.07318,7300
2024-07-02 13:00:00+00:00,1.07317,1.07469,1.0728,1.07406,10124
2024-07-02 14:00:00+00:00,1.07437,1.07455,1.0724,1.07431,12325
2024-07-02 15:00:00+00:00,1.07428,1.07443,1.0731,1.07364,7164
2024-07-02 16:00:00+00:00,1.07357,1.0737,1.0729,1.07321,5312
2024-07-02 17:00:00+00:00,1.0732,1.07406,1.073,1.07382,4324
2024-07-02 18:00:00+00:00,1.07383,1.0743,1.0736,1.0742,4123
2024-07-02 19:00:00+00:00,1.074,1.0748,1.074,1.0746,4694
2024-07-02 20:00:00+00:00,1.07461,1.0749,1.0743,1.07448,2965
2024-07-02 21:00:00+00:00,1.07448,1.0748,1.07398,1.07431,1388
2024-07-02 22:00:00+00:00,1.07453,1.075,1.07446,1.07485,1936
2024-07-02 23:00:00+00:00,1.07484,1.075,1.0745,1.07479,1997
2024-07-03 00:00:00+00:00,1.0748,1.0755,1.0746,1.07478,3719
2024-07-03 01:00:00+00:00,1.07478,1.0748,1.0739,1.07417,3234
2024-07-03 02:00:00+00:00,1.07416,1.0747,1.074,1.07438,2841
2024-07-03 03:00:00+00:00,1.07435,1.0746,1.0741,1.07434,2430
2024-07-03 04:00:00+00:00,1.07434,1.0746,1.074,1.0741,1923
2024-07-03 05:00:00+00:00,1.07422,1.07423,1.0735,1.07384,3093
2024-07-03 06:00:00+00:00,1.07387,1.07483,1.0735,1.07468,5245
2024-07-03 07:00:00+00:00,1.07471,1.0762,1.0746,1.07595,7450
2024-07-03 08:00:00+00:00,1.07596,1.07609,1.0754,1.07608,1581
2024-07-03 11:00:00+00:00,1.07611,1.07622,1.0754,1.07575,4513
2024-07-03 12:00:00+00:00,1.07574,1.07784,1.0754,1.0774,8187
2024-07-03 13:00:00+00:00,1.07744,1.07924,1.077,1.07884,7664
2024-07-03 14:00:00+00:00,1.07886,1.08164,1.07872,1.08057,13489
2024-07-03 15:00:00+00:00,1.08055,1.0809,1.0795,1.07988,8927
2024-07-03 16:00:00+00:00,1.07986,1.08004,1.079,1.07957,5407
2024-07-03 17:00:00+00:00,1.07954,1.0796,1.078,1.07831,4091
2024-07-03 18:00:00+00:00,1.07829,1.0785,1.0776,1.07803,3904
2024-07-03 19:00:00+00:00,1.078,1.0789,1.0778,1.07848,3337
2024-07-03 20:00:00+00:00,1.07848,1.079,1.0782,1.0788,1798
2024-07-03 21:00:00+00:00,1.0788,1.0789,1.07801,1.07864,1476
2024-07-03 22:00:00+00:00,1.07862,1.0791,1.07841,1.0788,1429
2024-07-03 23:00:00+00:00,1.07891,1.0792,1.0786,1.07909,2013
2024-07-04 00:00:00+00:00,1.07909,1.0794,1.0787,1.07923,3131
2024-07-04 01:00:00+00:00,1.0792,1.0795,1.0787,1.07906,3512
2024-07-04 02:00:00+00:00,1.07905,1.07914,1.0785,1.0786,2403
2024-07-04 03:00:00+00:00,1.07862,1.07873,1.0782,1.0785,2575
2024-07-04 04:00:00+00:00,1.07851,1.07871,1.0783,1.07863,2507
2024-07-04 05:00:00+00:00,1.07863,1.0791,1.0783,1.079,2755
2024-07-04 06:00:00+00:00,1.07899,1.07934,1.0783,1.0792,5287
2024-07-04 07:00:00+00:00,1.07921,1.07966,1.0787,1.07944,6353
2024-07-04 08:00:00+00:00,1.07945,1.0804,1.0792,1.08017,6111
2024-07-04 09:00:00+00:00,1.08017,1.0803,1.0793,1.07976,5437
2024-07-04 10:00:00+00:00,1.07977,1.0802,1.0792,1.08009,4244
2024-07-04 11:00:00+00:00,1.0801,1.0802,1.0794,1.0797,4474
2024-07-04 12:00:00+00:00,1.0797,1.08022,1.0795,1.0797,5166
2024-07-04 13:00:00+00:00,1.07967,1.0802,1.0793,1.0801,5483
2024-07-04 14:00:00+00:00,1.08008,1.08092,1.0798,1.08081,5599
2024-07-04 15:00:00+00:00,1.08081,1.0814,1.0806,1.08104,4366
2024-07-04 16:00:00+00:00,1.08104,1.0815,1.0808,1.0812,2628
2024-07-04 17:00:00+00:00,1.08118,1.0813,1.0809,1.08112,1331
2024-07-04 18:00:00+00:00,1.08113,1.0814,1.081,1.08118,1248
2024-07-04 19:00:00+00:00,1.08117,1.0816,1.081,1.08127,1322
2024-07-04 20:00:00+00:00,1.0811,1.0815,1.08099,1.08106,1355
2024-07-04 21:00:00+00:00,1.08106,1.0813,1.08054,1.081,1769
2024-07-04 22:00:00+00:00,1.08117,1.0814,1.0809,1.08113,1378
2024-07-04 23:00:00+00:00,1.08115,1.0812,1.0808,1.08104,1800
2024-07-05 00:00:00+00:00,1.08103,1.0818,1.0809,1.08147,3757
2024-07-05 01:00:00+00:00,1.08146,1.0818,1.0812,1.08158,3559
2024-07-05 02:00:00+00:00,1.08157,1.0819,1.0813,1.08179,2842
2024-07-05 03:00:00+00:00,1.0816,1.0825,1.0816,1.08215,3494
2024-07-05 04:00:00+00:00,1.08216,1.0823,1.0818,1.08218,2606
2024-07-05 05:00:00+00:00,1.08217,1.0823,1.0817,1.08211,2680
2024-07-05 06:00:00+00:00,1.08212,1.0827,1.0817,1.08187,4230
2024-07-05 07:00:00+00:00,1.08188,1.08303,1.0815,1.08289,6332
2024-07-05 08:00:00+00:00,1.08288,1.0832,1.0821,1.08276,5287
2024-07-05 09:00:00+00:00,1.08276,1.08308,1.0824,1.08259,4532
2024-07-05 10:00:00+00:00,1.08259,1.0832,1.0821,1.0823,4509
2024-07-05 11:00:00+00:00,1.08246,1.08251,1.0817,1.08189,4322
2024-07-05 12:00:00+00:00,1.0819,1.0843,1.07956,1.08296,12121
2024-07-05 13:00:00+00:00,1.08295,1.08341,1.0813,1.08191,12404
2024-07-05 14:00:00+00:00,1.08191,1.08261,1.081,1.0824,10713
2024-07-05 15:00:00+00:00,1.08239,1.08306,1.0818,1.08276,8210
2024-07-05 16:00:00+00:00,1.08277,1.08302,1.0821,1.08256,5592
2024-07-05 17:00:00+00:00,1.08253,1.08304,1.0823,1.08277,4512
2024-07-05 18:00:00+00:00,1.08277,1.08373,1.0826,1.08368,4009
2024-07-05 19:00:00+00:00,1.08369,1.0843,1.0835,1.08412,4577
2024-07-05 20:00:00+00:00,1.08411,1.08411,1.08181,1.0838,3586
2024-07-07 21:00:00+00:00,1.08003,1.08197,1.08003,1.0817,515
2024-07-07 22:00:00+00:00,1.08173,1.08328,1.08165,1.08243,1568
2024-07-07 23:00:00+00:00,1.08246,1.0828,1.08217,1.08256,1648
2024-07-08 00:00:00+00:00,1.08254,1.08293,1.0818,1.08215,4149
2024-07-08 01:00:00+00:00,1.08214,1.083,1.0818,1.08289,4317
2024-07-08 02:00:00+00:00,1.08289,1.083,1.0823,1.0826,3964
2024-07-08 03:00:00+00:00,1.08259,1.0837,1.0824,1.08313,3543
2024-07-08 04:00:00+00:00,1.08315,1.0832,1.0825,1.08287,2839
2024-07-08 05:00:00+00:00,1.08286,1.083,1.0819,1.08222,3987
2024-07-08 06:00:00+00:00,1.08224,1.08292,1.0814,1.08217,6897
2024-07-08 07:00:00+00:00,1.08217,1.084,1.0819,1.08367,8406
2024-07-08 08:00:00+00:00,1.08368,1.0843,1.0833,1.08383,7327
2024-07-08 09:00:00+00:00,1.08382,1.08418,1.0834,1.0838,5915
2024-07-08 10:00:00+00:00,1.08376,1.08398,1.0822,1.08297,5878
2024-07-08 11:00:00+00:00,1.08297,1.08334,1.0825,1.08334,5472
2024-07-08 12:00:00+00:00,1.08334,1.0845,1.0831,1.0842,7148
2024-07-08 13:00:00+00:00,1.08437,1.0845,1.0837,1.0841,7560
2024-07-08 14:00:00+00:00,1.08411,1.0845,1.083,1.08347,7676
2024-07-08 15:00:00+00:00,1.08345,1.08361,1.083,1.08345,5883
2024-07-08 16:00:00+00:00,1.08345,1.08359,1.0827,1.08323,4899
2024-07-08 17:00:00+00:00,1.08324,1.0834,1.0828,1.08319,3887
2024-07-08 18:00:00+00:00,1.0832,1.0832,1.0822,1.08259,4043
2024-07-08 19:00:00+00:00,1.0825,1.0827,1.0821,1.08248,4172
2024-07-08 20:00:00+00:00,1.08249,1.0825,1.0821,1.08219,2753
2024-07-08 21:00:00+00:00,1.08219,1.0831,1.0815,1.0826,883
2024-07-08 22:00:00+00:00,1.08249,1.0827,1.0823,1.0825,1733
2024-07-08 23:00:00+00:00,1.08253,1.0832,1.0823,1.08303,2113
2024-07-09 00:00:00+00:00,1.08303,1.0835,1.0825,1.0826,3173
2024-07-09 01:00:00+00:00,1.08269,1.083,1.0821,1.08234,3412
2024-07-09 02:00:00+00:00,1.0823,1.0828,1.0818,1.0825,3263
2024-07-09 03:00:00+00:00,1.08263,1.083,1.0824,1.08281,2340
2024-07-09 04:00:00+00:00,1.08279,1.08311,1.0826,1.0828,2437
2024-07-09 05:00:00+00:00,1.08295,1.0831,1.0824,1.08286,2757
2024-07-09 06:00:00+00:00,1.08287,1.08302,1.0822,1.08246,4606
2024-07-09 07:00:00+00:00,1.08245,1.083,1.0815,1.08175,7027
2024-07-09 08:00:00+00:00,1.08174,1.08242,1.0813,1.08224,5845
2024-07-09 09:00:00+00:00,1.08225,1.08241,1.0818,1.08227,1449
2024-07-09 10:00:00+00:00,1.08226,1.0829,1.0819,1.0822,5138
2024-07-09 11:00:00+00:00,1.0822,1.0824,1.0811,1.08137,6041
2024-07-09 12:00:00+00:00,1.08139,1.0818,1.0811,1.08155,6326
2024-07-09 13:00:00+00:00,1.08154,1.08261,1.0814,1.08219,7440
2024-07-09 14:00:00+00:00,1.08219,1.08273,1.0809,1.08155,11962
2024-07-09 15:00:00+00:00,1.08156,1.08193,1.0804,1.08126,8745
2024-07-09 16:00:00+00:00,1.08122,1.08163,1.0804,1.08099,5749
2024-07-09 17:00:00+00:00,1.08098,1.0814,1.0805,1.08091,5289
2024-07-09 18:00:00+00:00,1.0809,1.0815,1.0806,1.08132,4751
2024-07-09 19:00:00+00:00,1.08132,1.0816,1.0809,1.08142,4145
2024-07-09 20:00:00+00:00,1.08141,1.0817,1.08095,1.0811,2334
2024-07-09 21:00:00+00:00,1.0811,1.0821,1.0803,1.08131,1445
2024-07-09 22:00:00+00:00,1.08145,1.0817,1.0812,1.08144,1360
2024-07-09 23:00:00+00:00,1.08142,1.0818,1.0812,1.08142,1830
2024-07-10 00:00:00+00:00,1.08143,1.0817,1.081,1.0812,3284
2024-07-10 01:00:00+00:00,1.0812,1.0816,1.0809,1.08145,3386
2024-07-10 02:00:00+00:00,1.08146,1.0817,1.0811,1.0816,4050
2024-07-10 03:00:00+00:00,1.08168,1.0822,1.0815,1.08198,2586
2024-07-10 04:00:00+00:00,1.082,1.0821,1.0816,1.0817,2808
2024-07-10 05:00:00+00:00,1.08183,1.08212,1.0814,1.08174,3098
2024-07-10 06:00:00+00:00,1.08172,1.0824,1.0813,1.0822,4692
2024-07-10 07:00:00+00:00,1.08219,1.0825,1.0814,1.08161,6503
2024-07-10 08:00:00+00:00,1.08159,1.082,1.081,1.08151,5686
2024-07-10 09:00:00+00:00,1.08152,1.08251,1.0813,1.08188,5575
2024-07-10 10:00:00+00:00,1.0819,1.08241,1.0812,1.08214,4960
2024-07-10 11:00:00+00:00,1.08213,1.0827,1.0818,1.08256,4939
2024-07-10 12:00:00+00:00,1.08253,1.0828,1.0822,1.0827,5938
2024-07-10 13:00:00+00:00,1.08269,1.0829,1.0819,1.08226,7761
2024-07-10 14:00:00+00:00,1.08227,1.08287,1.0818,1.08231,8111
2024-07-10 15:00:00+00:00,1.08232,1.0828,1.0819,1.08224,6210
2024-07-10 16:00:00+00:00,1.08223,1.0828,1.082,1.08268,4594
2024-07-10 17:00:00+00:00,1.0825,1.08284,1.0819,1.08218,4803
2024-07-10 18:00:00+00:00,1.0822,1.08251,1.0816,1.08248,4413
2024-07-10 19:00:00+00:00,1.08247,1.083,1.0822,1.08286,4236
2024-07-10 20:00:00+00:00,1.08285,1.0832,1.0825,1.0828,2890
2024-07-10 21:00:00+00:00,1.0828,1.0831,1.08193,1.083,1023
2024-07-10 22:00:00+00:00,1.08281,1.0834,1.08281,1.08325,1690
2024-07-10 23:00:00+00:00,1.08327,1.0837,1.0829,1.0833,2022
2024-07-11 00:00:00+00:00,1.08331,1.0837,1.0831,1.08351,3235
2024-07-11 01:00:00+00:00,1.0835,1.084,1.0831,1.08391,3249
2024-07-11 02:00:00+00:00,1.08394,1.0841,1.0835,1.08369,2730
2024-07-11 03:00:00+00:00,1.08371,1.084,1.0834,1.0838,2841
2024-07-11 04:00:00+00:00,1.0838,1.084,1.0834,1.08364,2357
2024-07-11 05:00:00+00:00,1.08362,1.0838,1.0833,1.08344,2793
2024-07-11 06:00:00+00:00,1.08345,1.084,1.0831,1.08342,5273
2024-07-11 07:00:00+00:00,1.08336,1.08401,1.0831,1.08392,5843
2024-07-11 08:00:00+00:00,1.08392,1.0848,1.0837,1.0847,5476
2024-07-11 09:00:00+00:00,1.08472,1.0853,1.0841,1.08466,5908
2024-07-11 10:00:00+00:00,1.08466,1.08523,1.0844,1.08488,4841
2024-07-11 11:00:00+00:00,1.08487,1.08577,1.0848,1.08547,4107
2024-07-11 12:00:00+00:00,1.08546,1.08995,1.0843,1.08867,13725
2024-07-11 13:00:00+00:00,1.08865,1.08989,1.08681,1.08864,16999
2024-07-11 14:00:00+00:00,1.08865,1.089,1.087,1.08784,13036
2024-07-11 15:00:00+00:00,1.08785,1.0881,1.0865,1.08697,9903
2024-07-11 16:00:00+00:00,1.08694,1.0871,1.0862,1.08665,7060
2024-07-11 17:00:00+00:00,1.08668,1.08673,1.0858,1.08609,7199
2024-07-11 18:00:00+00:00,1.08608,1.08691,1.0859,1.08677,6000
2024-07-11 19:00:00+00:00,1.08674,1.087,1.0863,1.08644,5224
2024-07-11 20:00:00+00:00,1.08646,1.0869,1.0862,1.0867,2792
2024-07-11 21:00:00+00:00,1.0867,1.088,1.0858,1.08666,1511
2024-07-11 22:00:00+00:00,1.08658,1.0869,1.0862,1.0866,2492
2024-07-11 23:00:00+00:00,1.08659,1.08742,1.0863,1.08737,5253
2024-07-12 00:00:00+00:00,1.08737,1.08743,1.0866,1.08697,5818
2024-07-12 01:00:00+00:00,1.08696,1.08721,1.0862,1.08645,4795
2024-07-12 02:00:00+00:00,1.08646,1.0868,1.0862,1.08657,4101
2024-07-12 03:00:00+00:00,1.08658,1.0871,1.0863,1.08686,3352
2024-07-12 04:00:00+00:00,1.08685,1.0871,1.0866,1.0868,2813
2024-07-12 05:00:00+00:00,1.08697,1.0873,1.0866,1.08696,3533
2024-07-12 06:00:00+00:00,1.08694,1.08722,1.0862,1.08647,5683
2024-07-12 07:00:00+00:00,1.0865,1.08762,1.086,1.08755,6753
2024-07-12 08:00:00+00:00,1.08752,1.0888,1.0874,1.08866,6441
2024-07-12 09:00:00+00:00,1.08866,1.089,1.088,1.08852,5844
2024-07-12 10:00:00+00:00,1.08851,1.0892,1.0883,1.08898,5267
2024-07-12 11:00:00+00:00,1.08897,1.08922,1.0885,1.08876,5119
2024-07-12 12:00:00+00:00,1.08874,1.0893,1.08713,1.08903,11950
2024-07-12 13:00:00+00:00,1.08909,1.0899,1.0886,1.08968,11784
2024-07-12 14:00:00+00:00,1.08954,1.09093,1.0892,1.09087,11710
2024-07-12 15:00:00+00:00,1.0909,1.0911,1.0899,1.09012,7710
2024-07-12 16:00:00+00:00,1.0901,1.09053,1.0899,1.09041,5981
2024-07-12 17:00:00+00:00,1.09046,1.09074,1.0899,1.09062,4585
2024-07-12 18:00:00+00:00,1.09065,1.0907,1.0899,1.0904,4983
2024-07-12 19:00:00+00:00,1.09061,1.09114,1.0903,1.09062,5482
2024-07-12 20:00:00+00:00,1.09064,1.0909,1.08668,1.0906,3357
2024-07-14 21:00:00+00:00,1.08849,1.08931,1.08822,1.08916,544
2024-07-14 22:00:00+00:00,1.08871,1.08885,1.08844,1.08868,1153
2024-07-14 23:00:00+00:00,1.08868,1.0888,1.0881,1.08856,1574
2024-07-15 00:00:00+00:00,1.08857,1.0889,1.0882,1.08882,3844
2024-07-15 01:00:00+00:00,1.08883,1.089,1.08834,1.0888,4292
2024-07-15 02:00:00+00:00,1.08895,1.0892,1.08845,1.08905,3959
2024-07-15 03:00:00+00:00,1.08908,1.0896,1.08896,1.08939,3053
2024-07-15 04:00:00+00:00,1.08938,1.0895,1.08901,1.08934,2508
2024-07-15 05:00:00+00:00,1.08933,1.0896,1.0891,1.08924,2861
2024-07-15 06:00:00+00:00,1.08943,1.0896,1.08834,1.08894,6555
2024-07-15 07:00:00+00:00,1.08893,1.0897,1.0882,1.08948,8819
2024-07-15 08:00:00+00:00,1.08947,1.091,1.0894,1.09082,7237
2024-07-15 09:00:00+00:00,1.09083,1.09151,1.0905,1.09128,6634
2024-07-15 10:00:00+00:00,1.09123,1.09202,1.0903,1.09098,6730
2024-07-15 11:00:00+00:00,1.09097,1.0915,1.0903,1.09056,6840
2024-07-15 12:00:00+00:00,1.09057,1.0909,1.09,1.09073,7521
2024-07-15 13:00:00+00:00,1.09071,1.0917,1.0905,1.09151,8013
2024-07-15 14:00:00+00:00,1.09154,1.0918,1.0906,1.0917,8107
2024-07-15 15:00:00+00:00,1.09171,1.0923,1.0909,1.09118,7584
2024-07-15 16:00:00+00:00,1.09117,1.09171,1.0899,1.09061,8487
2024-07-15 17:00:00+00:00,1.0905,1.09063,1.0892,1.08948,8826
2024-07-15 18:00:00+00:00,1.08947,1.0902,1.0892,1.09013,6002
2024-07-15 19:00:00+00:00,1.09012,1.09012,1.0895,1.08987,5903
2024-07-15 20:00:00+00:00,1.08986,1.09,1.0893,1.0894,2995
2024-07-15 21:00:00+00:00,1.0894,1.0901,1.0889,1.08954,1336
2024-07-15 22:00:00+00:00,1.08958,1.08972,1.0892,1.08942,2075
2024-07-15 23:00:00+00:00,1.0894,1.09,1.0893,1.08979,2560
2024-07-16 00:00:00+00:00,1.0898,1.08981,1.0889,1.0889,4116
2024-07-16 01:00:00+00:00,1.08914,1.08934,1.0889,1.08928,4434
2024-07-16 02:00:00+00:00,1.08928,1.08935,1.0887,1.08909,3426
2024-07-16 03:00:00+00:00,1.0891,1.0894,1.0889,1.0893,3006
2024-07-16 04:00:00+00:00,1.08928,1.0895,1.089,1.08922,2601
2024-07-16 05:00:00+00:00,1.08923,1.0893,1.0885,1.08884,3797
2024-07-16 06:00:00+00:00,1.08886,1.0891,1.0882,1.08886,5676
2024-07-16 07:00:00+00:00,1.08892,1.0901,1.0888,1.0899,7168
2024-07-16 08:00:00+00:00,1.08989,1.09027,1.0892,1.09,7027
2024-07-16 09:00:00+00:00,1.09001,1.09042,1.0892,1.0898,7270
2024-07-16 10:00:00+00:00,1.08979,1.0903,1.0894,1.0899,5782
2024-07-16 11:00:00+00:00,1.0899,1.09037,1.0893,1.09019,5800
2024-07-16 12:00:00+00:00,1.09019,1.0906,1.0875,1.08799,9951
2024-07-16 13:00:00+00:00,1.08804,1.08832,1.087,1.0883,9248
2024-07-16 14:00:00+00:00,1.0883,1.0885,1.0872,1.08785,8933
2024-07-16 15:00:00+00:00,1.08785,1.08861,1.0877,1.08844,7513
2024-07-16 16:00:00+00:00,1.08845,1.0889,1.0879,1.0887,6568
2024-07-16 17:00:00+00:00,1.08889,1.08923,1.0886,1.08918,5031
2024-07-16 18:00:00+00:00,1.0892,1.0898,1.0889,1.08957,5234
2024-07-16 19:00:00+00:00,1.08958,1.0903,1.0894,1.09017,4904
2024-07-16 20:00:00+00:00,1.09016,1.0903,1.08961,1.08962,3294
2024-07-16 21:00:00+00:00,1.08962,1.09,1.08862,1.0897,1278
2024-07-16 22:00:00+00:00,1.08978,1.0902,1.0896,1.09014,2534
2024-07-16 23:00:00+00:00,1.0902,1.0902,1.0898,1.09002,1116
2024-07-17 04:00:00+00:00,1.09062,1.0907,1.09,1.09027,2638
2024-07-17 05:00:00+00:00,1.0903,1.0907,1.0899,1.09046,3861
2024-07-17 06:00:00+00:00,1.09043,1.09055,1.0896,1.08974,7225
2024-07-17 07:00:00+00:00,1.08976,1.0914,1.0894,1.09082,9627
2024-07-17 08:00:00+00:00,1.09082,1.0944,1.0907,1.09418,10010
2024-07-17 09:00:00+00:00,1.09421,1.0945,1.0934,1.09435,9095
2024-07-17 10:00:00+00:00,1.09434,1.0945,1.0929,1.09307,6669
2024-07-17 11:00:00+00:00,1.09306,1.0942,1.0927,1.09347,7081
2024-07-17 12:00:00+00:00,1.09342,1.0944,1.0931,1.09424,8426
2024-07-17 13:00:00+00:00,1.09423,1.09481,1.0934,1.09386,10067
2024-07-17 14:00:00+00:00,1.09387,1.09387,1.093,1.09323,10285
2024-07-17 15:00:00+00:00,1.09323,1.09361,1.0926,1.09319,8071
2024-07-17 16:00:00+00:00,1.09324,1.09336,1.0922,1.09298,7477
2024-07-17 17:00:00+00:00,1.09297,1.09364,1.0927,1.09309,6162
2024-07-17 18:00:00+00:00,1.09307,1.09394,1.0929,1.09369,5632
2024-07-17 19:00:00+00:00,1.09369,1.094,1.0933,1.09361,5687
2024-07-17 20:00:00+00:00,1.0936,1.0942,1.0933,1.0938,2922
2024-07-17 21:00:00+00:00,1.0938,1.094,1.09357,1.09378,1075
2024-07-17 22:00:00+00:00,1.09383,1.0941,1.0936,1.09391,2016
2024-07-17 23:00:00+00:00,1.09392,1.0941,1.0937,1.09395,3728
2024-07-18 00:00:00+00:00,1.094,1.0941,1.0935,1.09367,4239
2024-07-18 01:00:00+00:00,1.09369,1.09391,1.0932,1.09342,5520
2024-07-18 02:00:00+00:00,1.09342,1.0936,1.093,1.0935,4385
2024-07-18 03:00:00+00:00,1.09351,1.0937,1.093,1.09328,3707
2024-07-18 04:00:00+00:00,1.09326,1.09364,1.093,1.09335,3206
2024-07-18 05:00:00+00:00,1.09336,1.09382,1.0931,1.09369,4401
2024-07-18 06:00:00+00:00,1.09365,1.09373,1.0926,1.09309,6602
2024-07-18 07:00:00+00:00,1.09311,1.0936,1.0924,1.09313,8707
2024-07-18 08:00:00+00:00,1.09314,1.09388,1.0927,1.09306,6841
2024-07-18 09:00:00+00:00,1.09305,1.0932,1.0926,1.09309,5338
2024-07-18 10:00:00+00:00,1.09303,1.0937,1.0927,1.09329,5338
2024-07-18 11:00:00+00:00,1.09327,1.09331,1.0925,1.09273,5111
2024-07-18 12:00:00+00:00,1.09276,1.09371,1.0922,1.09281,9496
2024-07-18 13:00:00+00:00,1.09281,1.093,1.0906,1.09114,10639
2024-07-18 14:00:00+00:00,1.09114,1.09167,1.0904,1.09147,9566
2024-07-18 15:00:00+00:00,1.0916,1.0919,1.0903,1.09122,9185
2024-07-18 16:00:00+00:00,1.0912,1.09163,1.091,1.0916,7061
2024-07-18 17:00:00+00:00,1.09156,1.09163,1.0905,1.09068,5996
2024-07-18 18:00:00+00:00,1.09067,1.09074,1.0894,1.0898,6408
2024-07-18 19:00:00+00:00,1.08989,1.09,1.0892,1.0897,7468
2024-07-18 20:00:00+00:00,1.08968,1.09,1.0894,1.0895,3019
2024-07-18 21:00:00+00:00,1.0895,1.0907,1.08924,1.08974,1382
2024-07-18 22:00:00+00:00,1.0896,1.0901,1.0895,1.08973,2217
2024-07-18 23:00:00+00:00,1.08974,1.0903,1.0895,1.09001,2376
2024-07-19 00:00:00+00:00,1.09,1.0901,1.0889,1.08922,5306
2024-07-19 01:00:00+00:00,1.08921,1.0895,1.0885,1.08875,5171
2024-07-19 02:00:00+00:00,1.08875,1.0893,1.0886,1.08917,4325
2024-07-19 03:00:00+00:00,1.08919,1.0893,1.0886,1.08883,3377
2024-07-19 04:00:00+00:00,1.08882,1.089,1.0885,1.08868,3099
2024-07-19 05:00:00+00:00,1.08868,1.08903,1.08844,1.08887,3650
2024-07-19 06:00:00+00:00,1.08885,1.08901,1.08831,1.08849,5822
2024-07-19 07:00:00+00:00,1.08844,1.08904,1.08815,1.08877,7530
2024-07-19 08:00:00+00:00,1.08879,1.08879,1.08759,1.08789,7183
2024-07-19 09:00:00+00:00,1.08787,1.08845,1.08773,1.08802,3855
2024-07-19 10:00:00+00:00,1.08801,1.0887,1.0876,1.0884,4176
2024-07-19 11:00:00+00:00,1.08841,1.0894,1.0882,1.0893,5789
2024-07-19 12:00:00+00:00,1.08931,1.08942,1.0883,1.08888,7608
2024-07-19 13:00:00+00:00,1.08889,1.089,1.088,1.08812,7101
2024-07-19 14:00:00+00:00,1.08815,1.08901,1.0878,1.08896,6958
2024-07-19 15:00:00+00:00,1.08898,1.0891,1.0882,1.08879,6268
2024-07-19 16:00:00+00:00,1.0888,1.08911,1.0882,1.08847,6394
2024-07-19 17:00:00+00:00,1.08848,1.0886,1.0879,1.0882,6267
2024-07-19 18:00:00+00:00,1.08838,1.08846,1.0874,1.08784,6074
2024-07-19 19:00:00+00:00,1.08785,1.08821,1.0875,1.08792,6336
2024-07-19 20:00:00+00:00,1.08792,1.0885,1.07133,1.0882,3256
2024-07-21 21:00:00+00:00,1.08783,1.0885,1.08783,1.08832,423
2024-07-21 22:00:00+00:00,1.08831,1.09,1.08831,1.08995,1103
